{"world_size": 1, "epochs": 3, "steps": 24, "seqs": 1044, "tokens": 2832153, "last_epoch_steps": 0, "last_epoch_seqs": 0, "last_epoch_tokens": 0, "total_seqs": 348, "nan_in_loss_seqs": 0, "experiment_tracking_run_id": null, "loss_ema": 0.0907307703871927, "loss_sum": 2.196752858348191, "mtp_loss_ema": 0, "mtp_loss_sum": 0, "eval_losses_avg": [0.07023792434483767, 0.06205088272690773, 0.04298480739817023, 0.04438840691000223, 0.04448512941598892, 0.0435344111174345]}